"","X1","utc","Location","O3","PM25","newcasesper","Cases","Stay_At_Home","Bar_Close"
"1",1,2020-01-10,"Raleigh",0.022375,5.53125,0,0,"0","0"
"2",2,2020-01-11,"Raleigh",0.03,7.56,0,0,"0","0"
"3",3,2020-01-12,"Raleigh",0.0268095238095238,3.54285714285714,0,0,"0","0"
"4",4,2020-01-13,"Raleigh",0.0104666666666667,3.9,0,0,"0","0"
"5",5,2020-01-14,"Raleigh",0.016952380952381,2.72380952380952,0,0,"0","0"
"6",6,2020-01-15,"Raleigh",0.0091875,4.1875,0,0,"0","0"
"7",7,2020-01-16,"Raleigh",0.0234285714285714,5.2952380952381,0,0,"0","0"
"8",8,2020-01-17,"Raleigh",0.0330952380952381,3.63333333333333,0,0,"0","0"
"9",9,2020-01-18,"Raleigh",0.0255238095238095,5.52857142857143,0,0,"0","0"
"10",10,2020-01-19,"Raleigh",0.0268571428571429,5.11904761904762,0,0,"0","0"
"11",11,2020-01-20,"Raleigh",0.02895,5.69,0,0,"0","0"
"12",12,2020-01-21,"Raleigh",0.0339047619047619,4.62380952380952,0,0,"0","0"
"13",13,2020-01-22,"Raleigh",0.033047619047619,6.86190476190476,0,0,"0","0"
"14",14,2020-01-23,"Raleigh",0.0253684210526316,8.42105263157895,0,0,"0","0"
"15",15,2020-01-24,"Raleigh",0.0253076923076923,6.89230769230769,0,0,"0","0"
"16",16,2020-01-25,"Raleigh",0.033125,2.6,0,0,"0","0"
"17",17,2020-01-26,"Raleigh",0.024952380952381,3.71904761904762,0,0,"0","0"
"18",18,2020-01-27,"Raleigh",0.014,9.95714285714286,0,0,"0","0"
"19",19,2020-01-28,"Raleigh",0.027047619047619,4.82857142857143,0,0,"0","0"
"20",20,2020-01-29,"Raleigh",0.0224375,5.9125,0,0,"0","0"
"21",21,2020-01-30,"Raleigh",0.0265555555555556,7.85,0,0,"0","0"
"22",22,2020-01-31,"Raleigh",0.0233809523809524,7.42380952380952,0,0,"0","0"
"23",23,2020-02-01,"Raleigh",0.026,6.00952380952381,0,0,"0","0"
"24",24,2020-02-02,"Raleigh",0.015,10.76,0,0,"0","0"
"25",25,2020-02-07,"Raleigh",0.03025,2.725,0,0,"0","0"
"26",26,2020-02-08,"Raleigh",0.0281904761904762,5.37142857142857,0,0,"0","0"
"27",27,2020-02-09,"Raleigh",0.0292857142857143,4.43809523809524,0,0,"0","0"
"28",28,2020-02-10,"Raleigh",0.0249473684210526,8.95789473684211,0,0,"0","0"
"29",29,2020-02-11,"Raleigh",0.025,10.9,0,0,"0","0"
"30",30,2020-02-12,"Raleigh",0.0232352941176471,7.84117647058824,0,0,"0","0"
"31",31,2020-02-13,"Raleigh",0.0249411764705882,7.64705882352941,0,0,"0","0"
"32",32,2020-02-14,"Raleigh",0.0315714285714286,4.01428571428571,0,0,"0","0"
"33",33,2020-02-15,"Raleigh",0.0328095238095238,5.57142857142857,0,0,"0","0"
"34",34,2020-02-16,"Raleigh",0.0234285714285714,12.2380952380952,0,0,"0","0"
"35",35,2020-02-17,"Raleigh",0.021375,11.15625,0,0,"0","0"
"36",36,2020-02-18,"Raleigh",0.0170588235294118,11.2411764705882,0,0,"0","0"
"37",37,2020-02-19,"Raleigh",0.0252222222222222,7.02222222222222,0,0,"0","0"
"38",38,2020-02-20,"Raleigh",0.018,6.38571428571429,0,0,"0","0"
"39",39,2020-02-21,"Raleigh",0.034047619047619,6.14761904761905,0,0,"0","0"
"40",40,2020-02-22,"Raleigh",0.0217,10.555,0,0,"0","0"
"41",41,2020-02-23,"Raleigh",0.021,13.6142857142857,0,0,"0","0"
"42",42,2020-02-24,"Raleigh",0.0255714285714286,10.247619047619,0,0,"0","0"
"43",43,2020-02-25,"Raleigh",0.0215882352941176,7.72352941176471,0,0,"0","0"
"44",44,2020-02-26,"Raleigh",0.0156,5.765,2.10939757714594e-06,0,"0","0"
"45",45,2020-02-27,"Raleigh",0.03605,3.015,0,0,"0","0"
"46",46,2020-02-28,"Raleigh",0.0277222222222222,4.43888888888889,0,0,"0","0"
"47",47,2020-02-29,"Raleigh",0.035047619047619,4.5,0,0,"0","0"
"48",48,2020-03-01,"Raleigh",0.0348571428571429,5.4952380952381,0,0,"0","0"
"49",49,2020-03-02,"Raleigh",0.0373333333333333,8.15238095238095,0,0,"0","0"
"50",50,2020-03-03,"Raleigh",0.03505,8.32,1.05469878857297e-05,1,"0","0"
"51",51,2020-03-04,"Raleigh",0.0297857142857143,3.58571428571429,2.10939757714594e-06,1,"0","0"
"52",52,2020-03-05,"Raleigh",0.0306666666666667,5.8,2.10939757714594e-06,1,"0","0"
"53",53,2020-03-06,"Raleigh",0.0283571428571429,6.40714285714286,0,1,"0","0"
"54",54,2020-03-07,"Raleigh",0.0341904761904762,2.25238095238095,0,1,"0","0"
"55",55,2020-03-08,"Raleigh",0.0292857142857143,6.14761904761905,1.26563854628757e-05,1,"0","0"
"56",56,2020-03-09,"Raleigh",0.0310952380952381,8.1047619047619,0,6,"0","0"
"57",57,2020-03-10,"Raleigh",0.0315,5.08333333333333,2.10939757714594e-06,7,"0","0"
"58",58,2020-03-11,"Raleigh",0.0287142857142857,7.68571428571429,0,8,"0","0"
"59",59,2020-03-12,"Raleigh",0.0237142857142857,11.7619047619048,4.21879515429189e-06,8,"0","0"
"60",60,2020-03-13,"Raleigh",0.0283809523809524,12.6714285714286,1.26563854628757e-05,8,"0","0"
"61",61,2020-03-14,"Raleigh",0.03935,4.625,0,14,"0","0"
"62",62,2020-03-15,"Raleigh",0.037952380952381,7.67619047619048,2.10939757714594e-05,14,"0","0"
"63",63,2020-03-16,"Raleigh",0.03605,6.055,1.47657830400216e-05,15,"0","0"
"64",64,2020-03-17,"Raleigh",0.0261111111111111,8.02777777777778,1.26563854628757e-05,15,"0","0"
"65",65,2020-03-18,"Raleigh",0.02295,12.305,1.68751806171675e-05,17,"0","0"
"66",66,2020-03-19,"Raleigh",0.0262777777777778,11.6777777777778,2.74221685028973e-05,23,"0","0"
"67",67,2020-03-20,"Raleigh",0.0318571428571429,10.6619047619048,3.37503612343351e-05,23,"0","0"
"68",68,2020-03-21,"Raleigh",0.03075,6.93,4.42973491200648e-05,33,"0","0"
"69",69,2020-03-22,"Raleigh",0.0303333333333333,6.43809523809524,4.21879515429189e-05,40,"0","0"
"70",70,2020-03-23,"Raleigh",0.031,4.47142857142857,4.64067466972107e-05,46,"0","0"
"71",71,2020-03-24,"Raleigh",0.0184761904761905,5.82380952380952,4.21879515429189e-05,54,"0","0"
"72",72,2020-03-25,"Raleigh",0.0296190476190476,3.24761904761905,0.00338980190647353,67,"0","0"
"73",73,2020-03-26,"Raleigh",0.031625,2.925,0.000143439035245924,83,"0","0"
"74",74,2020-03-27,"Raleigh",0.0381,10.66,0.000111798071588735,104,"0","0"
"75",75,2020-03-28,"Raleigh",0.0318571428571429,19.3761904761905,0.000175079998903113,124,"0","0"
"76",76,2020-03-29,"Raleigh",0.0304761904761905,18.4761904761905,0.000189845781943135,146,"0","0"
"77",77,2020-03-30,"Raleigh",0.0382727272727273,8.17272727272727,0.000185626986788843,166,"0","0"
"78",78,2020-06-01,"Raleigh",0.0453,2.37,0.000168751806171675,1773,"0","0"
"79",79,2020-06-02,"Raleigh",0.0389375,6.7,0.000137110842514486,1841,"0","0"
"80",80,2020-06-03,"Raleigh",0.0443846153846154,9.9,0.000149767227977362,1894,"0","0"
"81",81,2020-06-04,"Raleigh",0.0455454545454545,12.9909090909091,0.000162423613440238,1977,"0","0"
"82",82,2020-06-05,"Raleigh",0.0327058823529412,8.32352941176471,0.000221486745600324,2067,"0","0"
"83",83,2020-06-06,"Raleigh",0.0392142857142857,7.19285714285714,0.000388129154194853,2155,"0","0"
"84",84,2020-06-07,"Raleigh",0.0515714285714286,6.55714285714286,0.000326956624457621,2235,"0","0"
"85",85,2020-06-08,"Raleigh",0.0416666666666667,8.90952380952381,0.000251018311680367,2300,"0","0"
"86",86,2020-06-09,"Raleigh",0.0360666666666667,8.20666666666667,0.000185626986788843,2371,"0","0"
"87",87,2020-06-10,"Raleigh",0.0256666666666667,6.14285714285714,0.00013500144493734,2448,"0","0"
"88",88,2020-06-11,"Raleigh",0.0207142857142857,2.69285714285714,0.000164533011017384,2553,"0","0"
"89",89,2020-06-12,"Raleigh",0.0325555555555556,3.62777777777778,0.000303753251109016,2737,"0","0"
"90",90,2020-06-13,"Raleigh",0.0307368421052632,6.34736842105263,0.000303753251109016,2892,"0","0"
"91",91,2020-06-14,"Raleigh",0.0389473684210526,6.11052631578947,0.000405004334812021,3011,"0","0"
"92",92,2020-06-15,"Raleigh",0.0345294117647059,2.70588235294118,0.000343831805074789,3099,"0","0"
"93",93,2020-06-16,"Raleigh",0.0248333333333333,1.55833333333333,0.000210939757714594,3163,"0","0"
"94",94,2020-06-17,"Raleigh",0.0252352941176471,-0.170588235294118,0.000257346504411805,3241,"0","0"
"95",95,2020-06-18,"Raleigh",0.0183333333333333,2.82666666666667,0.000310081443840454,3385,"0","0"
"96",96,2020-06-19,"Raleigh",0.0301764705882353,4.85882352941177,0.000198283372251719,3529,"0","0"
"97",97,2020-06-20,"Raleigh",0.0331333333333333,0.98,0.000335394214766205,3721,"0","0"
"98",98,2020-06-21,"Raleigh",0.0301,6.945,0.000356488190537664,3884,"0","0"
"99",99,2020-06-22,"Raleigh",0.0412857142857143,14.0428571428571,0.000297425058377578,3984,"0","0"
"100",100,2020-06-23,"Raleigh",0.0328095238095238,6.47619047619048,0.000286878070491848,4106,"0","0"
"101",101,2020-06-24,"Raleigh",0.0344117647058824,6.07058823529412,0.000227814938331762,4253,"0","0"
"102",102,2020-06-25,"Raleigh",0.0331818181818182,12.6545454545455,0.000502036623360734,4347,"0","0"
"103",103,2020-06-26,"Raleigh",0.03965,9.12,0.000326956624457621,4506,"0","0"
"104",104,2020-06-27,"Raleigh",0.0351428571428571,8.74761904761905,0.000417660720274897,4675,"0","0"
"105",105,2020-06-28,"Raleigh",0.0273333333333333,37.7952380952381,0.000335394214766205,4816,"0","0"
"106",106,2020-06-29,"Raleigh",0.0305555555555556,9.88333333333333,0.00035859758811481,4952,"0","0"
"107",107,2020-06-30,"Raleigh",0.03425,11.18125,0.00035859758811481,5060,"0","0"
"108",108,2020-07-01,"Raleigh",0.0263888888888889,7.55555555555556,0.000314300238994745,5298,"0","0"
"109",109,2020-07-02,"Raleigh",0.036,5.955,0.000854306018744107,5453,"0","0"
"110",110,2020-07-03,"Raleigh",0.0434166666666667,9.21666666666667,0.000409223129966313,5651,"0","0"
"111",111,2020-07-04,"Raleigh",0.0334444444444444,14.5833333333333,0.000645475658606659,5810,"0","0"
"112",112,2020-07-05,"Raleigh",0.02935,23.32,0.000512583611246464,5980,"0","0"
"113",113,2020-07-06,"Raleigh",0.0259411764705882,9.2,0.000407113732389167,6150,"0","0"
"114",114,2020-07-07,"Raleigh",0.038,8,0.000204611564983156,6299,"0","0"
"115",115,2020-07-09,"Raleigh",0.02775,-0.475,0.000493599033052151,6704,"0","0"
"116",116,2020-07-10,"Raleigh",0.0258095238095238,3.96190476190476,0.000392347949349145,6898,"0","0"
"117",117,2020-07-11,"Raleigh",0.0411764705882353,4.75294117647059,0.000415551322697751,7204,"0","0"
"118",118,2020-07-12,"Raleigh",0.041,7.5,0.00050414602093788,7447,"0","0"
"119",119,2020-07-13,"Raleigh",0.0576666666666667,3.83333333333333,0.00036914457600054,7640,"0","0"
"120",120,2020-07-14,"Raleigh",0.046,-0.9,0.000272112287451827,7737,"0","0"
"121",121,2020-07-15,"Raleigh",0.0548,4.36,0.000350159997806227,7971,"0","0"
"122",122,2020-07-16,"Raleigh",0.039,7.62941176470588,0.000398676142080583,8157,"0","0"
"123",123,2020-07-17,"Raleigh",0.034578947368421,8.62631578947368,0.000263674697143243,8354,"0","0"
"124",124,2020-07-18,"Raleigh",0.03305,5.25,0.000491489635475005,8593,"0","0"
"125",125,2020-07-19,"Raleigh",0.0327777777777778,7.21666666666667,0.000440864093623502,8768,"0","0"
"126",126,2020-07-20,"Raleigh",0.0503333333333333,10.3222222222222,0.000362816383269102,8897,"0","0"
"127",127,2020-07-21,"Raleigh",0.0321428571428571,10.5714285714286,0.000270002889874681,9063,"0","0"
"128",128,2020-07-22,"Raleigh",0.0273333333333333,7.64666666666667,0.00035859758811481,9252,"0","0"
"129",129,2020-07-23,"Raleigh",0.0247058823529412,5.48823529411765,0.00036914457600054,9377,"0","0"
"130",130,2020-07-24,"Raleigh",0.0267619047619048,3.37142857142857,0.000373363371154832,9610,"0","0"
"131",131,2020-07-25,"Raleigh",0.0324761904761905,2.92380952380952,0.000459848671817816,9819,"0","0"
"132",132,2020-07-26,"Raleigh",0.0335294117647059,6.32352941176471,0.00100829204187576,9991,"0","0"
"133",133,2020-07-27,"Raleigh",0.0299444444444444,6.16666666666667,0.000185626986788843,10119,"0","0"
"134",134,2020-07-28,"Raleigh",0.0317777777777778,5.15,0.000318519034149037,10289,"0","0"
"135",135,2020-07-29,"Raleigh",0.0311875,0.775,0.000373363371154832,10464,"0","0"
"136",136,2020-07-30,"Raleigh",0.0263636363636364,6.62727272727273,0.000322737829303329,10641,"0","0"
"137",137,2020-07-31,"Raleigh",0.024,8,0.000257346504411805,10859,"0","0"
"138",138,2020-08-04,"Raleigh",0.03,3.9,0.000103360481280151,11337,"0","0"
"139",139,2020-08-05,"Raleigh",0.0336,6.98,0.000149767227977362,11425,"0","0"
"140",140,2020-08-06,"Raleigh",0.0207647058823529,4.04705882352941,0,11576,"0","0"
"141",141,2020-08-07,"Raleigh",0.0208,3.97333333333333,0.000544224574903653,11753,"0","0"
"142",142,2020-08-08,"Raleigh",0.02865,5.66,0.000215158552868886,11906,"0","0"
"143",143,2020-08-09,"Raleigh",0.0318333333333333,4.13333333333333,0.000200392769828865,12028,"0","0"
"144",144,2020-08-10,"Raleigh",0.0247,4.38,0.0002341431310632,12077,"0","0"
"145",145,2020-08-11,"Raleigh",0.0321052631578947,6.17368421052632,8.43759030858377e-05,12148,"0","0"
"146",146,2020-08-12,"Raleigh",0.0351,6.47,0.000196173974674573,12148,"0","0"
"147",147,2020-08-13,"Raleigh",0.0219166666666667,1.375,0.000219377348023178,12406,"0","0"
"148",148,2020-08-14,"Raleigh",0.0231052631578947,0.873684210526316,0.00044719228635494,12508,"0","0"
"149",149,2020-08-15,"Raleigh",0.0269285714285714,4.17857142857143,0.000419770117852043,12603,"0","0"
"150",150,2020-08-16,"Raleigh",0.0226666666666667,0.38,0.000337503612343351,12714,"0","0"
"151",151,2020-08-17,"Raleigh",0.024,1.18571428571429,0.000375472768731978,12754,"0","0"
"152",152,2020-08-18,"Raleigh",0.0336666666666667,4.725,0.000299534455954724,12847,"0","0"
"153",153,2020-08-19,"Raleigh",0.0189473684210526,7.76315789473684,0.000341722407497643,12951,"0","0"
"154",154,2020-08-20,"Raleigh",0.0264736842105263,3.62105263157895,0.000310081443840454,13163,"0","0"
"155",155,2020-08-21,"Raleigh",0.0256111111111111,1.37777777777778,0.000497817828206443,13362,"0","0"
"156",156,2020-08-22,"Raleigh",0.02475,0.805,0.000314300238994745,13522,"0","0"
"157",157,2020-08-23,"Raleigh",0.0233333333333333,4.35333333333333,0.000440864093623502,13700,"0","0"
"158",158,2020-08-24,"Raleigh",0.0173888888888889,5.96111111111111,0.000259455901988951,13842,"0","0"
"159",159,2020-08-25,"Raleigh",0.0281875,2.79375,0.000208830360137448,14004,"0","0"
"160",160,2020-08-26,"Raleigh",0.0351764705882353,3.98823529411765,0.000497817828206443,14151,"0","0"
"161",161,2020-08-27,"Raleigh",0.028375,10.46875,0.000198283372251719,14387,"0","0"
"162",162,2020-08-28,"Raleigh",0.02185,12.355,0.000198283372251719,14536,"0","0"
"163",163,2020-08-29,"Raleigh",0.0170952380952381,5.85714285714286,0,14745,"0","0"
"164",164,2020-08-30,"Raleigh",0.0308,6.52666666666667,0.000556880960366529,14868,"0","0"
"165",165,2020-08-31,"Raleigh",0.0231,6.01,0.000181408191634551,14967,"0","0"
"166",166,2020-09-01,"Raleigh",0.0230666666666667,0.853333333333333,0.000164533011017384,15203,"0","0"
"167",167,2020-09-02,"Raleigh",0.0108333333333333,5.64166666666667,0.000143439035245924,15297,"0","0"
"168",168,2020-09-03,"Raleigh",0.0242105263157895,12.7157894736842,6.75007224686702e-05,15391,"0","0"
"169",169,2020-09-04,"Raleigh",0.0368823529411765,11.6705882352941,0.000168751806171675,15391,"0","0"
"170",170,2020-09-05,"Raleigh",0.0294,5.455,0.000331175419611913,15655,"0","0"
"171",171,2020-09-06,"Raleigh",0.0317777777777778,0.488888888888889,0.000499927225783588,15741,"0","0"
"172",172,2020-09-07,"Raleigh",0.0277692307692308,5.53846153846154,0.000183517589211697,15819,"0","0"
"173",173,2020-09-08,"Raleigh",0.0297,2.55,0.000105469878857297,15887,"0","0"
"174",174,2020-09-09,"Raleigh",0.0171764705882353,1.63529411764706,0.00028054987776041,15919,"0","0"
"175",175,2020-09-10,"Raleigh",0.0167333333333333,0.973333333333333,0.000172970601325967,15999,"0","0"
"176",176,2020-09-11,"Raleigh",0.008,1.18181818181818,0.000141329637668778,16156,"0","0"
"177",177,2020-09-14,"Raleigh",0.0322222222222222,4.63333333333333,0.000143439035245924,16393,"0","0"
"178",178,2020-09-15,"Raleigh",0.0271,3.82,0.000132892047360194,16480,"0","0"
"179",179,2020-09-16,"Raleigh",0.0241111111111111,3.94444444444444,0.000141329637668778,16530,"0","0"
"180",180,2020-09-17,"Raleigh",0.02,2,0.000126563854628757,16663,"0","0"
"181",181,2020-09-18,"Raleigh",0.0315789473684211,1.66842105263158,0.000185626986788843,16745,"0","0"
"182",182,2020-09-19,"Raleigh",0.0273684210526316,6.88947368421053,0.000544224574903653,16812,"0","0"
"183",183,2020-09-20,"Raleigh",0.031047619047619,3.89047619047619,0.00014554843282307,16880,"0","0"
"184",184,2020-09-21,"Raleigh",0.0283888888888889,2.63333333333333,0.0002341431310632,16943,"0","0"
"185",185,2020-09-22,"Raleigh",0.028125,4.775,0.000116016866743027,17010,"0","0"
"186",186,2020-09-23,"Raleigh",0.0253,5.65,6.32819273143783e-05,17070,"0","0"
"187",187,2020-09-24,"Raleigh",0.0117333333333333,7.94,0.000158204818285946,17158,"0","0"
"188",188,2020-09-25,"Raleigh",0.0197619047619048,9.05238095238095,0.000257346504411805,17416,"0","0"
"189",189,2020-09-26,"Raleigh",0.0156666666666667,1.36190476190476,0.000286878070491848,17485,"0","0"
"190",190,2020-09-27,"Raleigh",0.0136315789473684,3.16842105263158,0.000257346504411805,17596,"0","0"
"191",191,2020-09-28,"Raleigh",0.0151666666666667,6.05555555555556,4.00785539657729e-05,17651,"0","0"
"192",192,2020-09-29,"Raleigh",0.0208125,4.00625,0.000400785539657729,17681,"0","0"
"193",193,2020-09-30,"Raleigh",0.0261052631578947,1.65263157894737,0.000248908914103221,17756,"0","0"
"194",194,2020-10-01,"Raleigh",0.0195263157894737,5.17368421052632,0.000244690118948929,17878,"0","0"
"195",195,2020-10-02,"Raleigh",0.02745,4.12,0.000371253973577686,18014,"0","0"
"196",196,2020-10-03,"Raleigh",0.0214761904761905,4.56190476190476,0.000272112287451827,18136,"0","0"
"197",197,2020-10-04,"Raleigh",0.0218,4.72,0.000202502167406011,18155,"0","0"
"198",198,2020-10-05,"Raleigh",0.0226923076923077,4.58461538461538,0.00037969156388627,18345,"0","0"
"199",199,2020-10-06,"Raleigh",0.0193125,7.675,0.000191955179520281,18463,"0","0"
"200",200,2020-10-07,"Raleigh",0.02455,10.39,0.000175079998903113,18579,"0","0"
"201",201,2020-10-08,"Raleigh",0.0386470588235294,16.4117647058824,0.000253127709257513,18755,"0","0"
"202",202,2020-10-09,"Raleigh",0.0264117647058824,7.36470588235294,0.000272112287451827,18884,"0","0"
"203",203,2020-10-10,"Raleigh",0.0153333333333333,9.03333333333333,0.000179298794057405,18980,"0","0"
"204",204,2020-10-12,"Raleigh",0.01425,3.025,0.00028054987776041,19160,"0","0"
"205",52,2020-03-02,"Greenville",0.0497,5.66666666666667,0,0,"0","0"
"206",53,2020-03-03,"Greenville",0.0394347826086957,7.21739130434783,0,0,"0","0"
"207",54,2020-03-04,"Greenville",0.0295217391304348,2,0,0,"0","0"
"208",55,2020-03-05,"Greenville",0.0261304347826087,4.66666666666667,0,0,"0","0"
"209",56,2020-03-06,"Greenville",0.0365263157894737,3.36842105263158,0,0,"0","0"
"210",57,2020-03-07,"Greenville",0.0352173913043478,1.125,0,0,"0","0"
"211",58,2020-03-08,"Greenville",0.0278260869565217,6.45833333333333,0,0,"0","0"
"212",59,2020-03-09,"Greenville",0.0370869565217391,4.70833333333333,1.91006643211051e-06,0,"0","0"
"213",60,2020-03-10,"Greenville",0.0357391304347826,6.45833333333333,0,0,"0","0"
"214",61,2020-03-11,"Greenville",0.0331739130434783,5.75,1.91006643211051e-06,0,"0","0"
"215",62,2020-03-12,"Greenville",0.033,8.41666666666667,1.91006643211051e-06,0,"0","0"
"216",63,2020-03-13,"Greenville",0.0338260869565217,10.25,7.64026572844204e-06,0,"0","0"
"217",64,2020-03-14,"Greenville",0.0365652173913043,6,9.55033216055254e-06,0,"0","0"
"218",65,2020-03-15,"Greenville",0.0412608695652174,3.875,9.55033216055254e-06,1,"0","0"
"219",66,2020-03-16,"Greenville",0.0411739130434783,3.83333333333333,3.82013286422102e-06,1,"0","0"
"220",67,2020-03-17,"Greenville",0.0328260869565217,4.45833333333333,2.29207971853261e-05,2,"0","0"
"221",68,2020-03-18,"Greenville",0.0290869565217391,9.54166666666667,1.52805314568841e-05,3,"0","0"
"222",69,2020-03-19,"Greenville",0.0292608695652174,9.08333333333333,2.10107307532156e-05,7,"0","0"
"223",70,2020-03-20,"Greenville",0.0324782608695652,7.75,1.91006643211051e-06,12,"0","0"
"224",71,2020-03-21,"Greenville",0.0295454545454545,5.04347826086957,0,17,"0","0"
"225",72,2020-03-22,"Greenville",0.0338695652173913,4,1.14603985926631e-05,19,"0","0"
"226",73,2020-03-23,"Greenville",0.0341428571428571,3.64285714285714,2.67409300495471e-05,31,"0","0"
"227",74,2020-03-24,"Greenville",0.0254782608695652,5.54166666666667,3.24711293458786e-05,39,"0","0"
"228",75,2020-03-25,"Greenville",0.0327391304347826,1.91666666666667,3.43811957779892e-05,50,"0","0"
"229",76,2020-03-26,"Greenville",0.0366666666666667,0.869565217391304,4.39315279385417e-05,51,"0","0"
"230",77,2020-03-27,"Greenville",0.0367391304347826,5.79166666666667,4.77516608027627e-05,51,"0","0"
"231",78,2020-03-28,"Greenville",0.0341739130434783,12.5833333333333,3.82013286422102e-05,57,"0","0"
"232",79,2020-03-29,"Greenville",0.0343913043478261,16.375,1.71905978889946e-05,71,"0","0"
"233",80,2020-03-30,"Greenville",0.042,8.70833333333333,5.73019929633153e-06,88,"0","0"
"234",81,2020-03-31,"Greenville",0.0391739130434783,3.16666666666667,3.43811957779892e-05,106,"0","0"
"235",82,2020-04-01,"Greenville",0.0396818181818182,2.43478260869565,1.91006643211051e-05,129,"0","0"
"236",83,2020-04-02,"Greenville",0.0323478260869565,3.73913043478261,1.71905978889946e-05,154,"0","0"
"237",84,2020-04-03,"Greenville",0.0436818181818182,1.91304347826087,5.92120593954258e-05,174,"0","0"
"238",85,2020-04-04,"Greenville",0.0338695652173913,3.95652173913043,0.000103143587333967,183,"0","0"
"239",86,2020-04-05,"Greenville",0.0329130434782609,2.625,0,186,"0","0"
"240",87,2020-04-06,"Greenville",0.038304347826087,6.69565217391304,5.92120593954258e-05,204,"0","0"
"241",88,2020-04-07,"Greenville",0.0308260869565217,9.125,1.33704650247736e-05,214,"0","0"
"242",89,2020-04-08,"Greenville",0.0406086956521739,11.7083333333333,5.15717936669837e-05,223,"0","0"
"243",90,2020-04-09,"Greenville",0.037695652173913,7.09090909090909,5.15717936669837e-05,254,"0","0"
"244",91,2020-04-10,"Greenville",0.0445217391304348,2.875,8.97731223091939e-05,308,"0","0"
"245",92,2020-04-11,"Greenville",0.0367826086956522,4.56521739130435,7.44925908523098e-05,308,"0","0"
"246",93,2020-04-12,"Greenville",0.0418636363636364,5.56521739130435,1.14603985926631e-05,339,"0","0"
"247",94,2020-04-13,"Greenville",0.043,7.27272727272727,1.14603985926631e-05,346,"0","0"
"248",95,2020-04-14,"Greenville",0.0335652173913043,4.125,3.62912622100997e-05,373,"0","0"
"249",96,2020-04-15,"Greenville",0.034375,4.25,3.62912622100997e-05,400,"0","0"
"250",97,2020-04-17,"Greenville",0.0327894736842105,8.2,4.01113950743207e-05,447,"0","0"
"251",98,2020-04-18,"Greenville",0.0436521739130435,3.58333333333333,0,486,"0","0"
"252",99,2020-04-19,"Greenville",0.0376086956521739,4.375,1.33704650247736e-05,492,"0","0"
"253",100,2020-04-20,"Greenville",0.0325238095238095,4.38095238095238,0,498,"0","0"
"254",101,2020-04-21,"Greenville",0.0356363636363636,5.78260869565217,0.000162355646729393,517,"0","0"
"255",102,2020-04-22,"Greenville",0.0465909090909091,3.22727272727273,2.29207971853261e-05,536,"0","0"
"256",103,2020-04-23,"Greenville",0.0419473684210526,4.91304347826087,5.34818600990942e-05,557,"0","0"
"257",104,2020-04-24,"Greenville",0.041,5.27272727272727,6.30321922596468e-05,557,"0","0"
"258",105,2020-04-25,"Greenville",0.036,3.83333333333333,1.52805314568841e-05,564,"0","0"
"259",106,2020-04-26,"Greenville",0.0331176470588235,5,3.62912622100997e-05,564,"0","0"
"260",107,2020-04-27,"Greenville",0.0375555555555556,1.52631578947368,1.52805314568841e-05,649,"0","0"
"261",108,2020-04-28,"Greenville",0.0329545454545455,4,5.92120593954258e-05,661,"0","0"
"262",109,2020-04-29,"Greenville",0.0486153846153846,4.21428571428571,1.52805314568841e-05,689,"0","0"
"263",110,2020-04-30,"Greenville",0.0455714285714286,4.59090909090909,1.33704650247736e-05,722,"0","0"
"264",111,2020-05-01,"Greenville",0.027,2.58333333333333,6.11221258275363e-05,730,"0","0"
"265",112,2020-05-02,"Greenville",0.0342608695652174,2.29166666666667,6.49422586917573e-05,749,"0","0"
"266",113,2020-05-03,"Greenville",0.0420769230769231,7.57142857142857,8.21328565807519e-05,757,"0","0"
"267",114,2020-05-04,"Greenville",0.04995,6.52941176470588,4.01113950743207e-05,788,"0","0"
"268",115,2020-05-05,"Greenville",0.0317142857142857,3.86363636363636,2.48308636174366e-05,796,"0","0"
"269",116,2020-05-06,"Greenville",0.03375,3.66666666666667,4.77516608027627e-05,803,"0","0"
"270",117,2020-05-07,"Greenville",0.0444545454545455,2.18181818181818,1.91006643211051e-05,835,"0","0"
"271",118,2020-05-08,"Greenville",0.0432173913043478,5.29166666666667,2.86509964816576e-05,869,"0","0"
"272",119,2020-05-09,"Greenville",0.0422608695652174,3.33333333333333,4.77516608027627e-05,912,"0","0"
"273",120,2020-05-10,"Greenville",0.0335652173913044,4.39130434782609,7.06724579880888e-05,933,"0","0"
"274",121,2020-05-11,"Greenville",0.0444347826086956,2.05,7.06724579880888e-05,946,"0","0"
"275",122,2020-05-12,"Greenville",0.035,-1.33333333333333,4.01113950743207e-05,971,"0","0"
"276",123,2020-05-13,"Greenville",0.0483333333333333,1.66666666666667,5.53919265312048e-05,981,"0","0"
"277",124,2020-05-14,"Greenville",0.0365,0.333333333333333,1.91006643211051e-05,996,"0","0"
"278",125,2020-05-15,"Greenville",0.0413125,4.94117647058824,4.77516608027627e-05,1021,"0","0"
"279",126,2020-05-16,"Greenville",0.038695652173913,6.04166666666667,3.82013286422102e-05,1058,"0","0"
"280",127,2020-05-17,"Greenville",0.0287272727272727,5.73913043478261,5.92120593954258e-05,1095,"0","0"
"281",128,2020-05-18,"Greenville",0.025304347826087,2.95833333333333,0.000105053653766078,1116,"0","0"
"282",129,2020-05-19,"Greenville",0.0325714285714286,3.31818181818182,2.67409300495471e-05,1145,"0","0"
"283",130,2020-05-20,"Greenville",0.0328636363636364,2.30434782608696,8.40429230128624e-05,1155,"0","0"
"284",131,2020-05-21,"Greenville",0.0324761904761905,3.04166666666667,3.82013286422102e-05,1180,"0","0"
"285",132,2020-05-22,"Greenville",0.0374782608695652,4.375,3.43811957779892e-05,1200,"0","0"
"286",133,2020-05-23,"Greenville",0.0356521739130435,5.66666666666667,0.00015089524813673,1231,"0","0"
"287",134,2020-05-24,"Greenville",0.0287391304347826,8.70833333333333,0.00030179049627346,1286,"0","0"
"288",135,2020-05-25,"Greenville",0.0279565217391304,3.41666666666667,0,1300,"0","0"
"289",136,2020-05-26,"Greenville",0.0255714285714286,3.27272727272727,0.000135614716679846,1344,"0","0"
"290",137,2020-05-27,"Greenville",0.0210434782608696,5.5,0.000116514052358741,1364,"0","0"
"291",138,2020-05-28,"Greenville",0.0212727272727273,4.45454545454545,9.16831887413044e-05,1382,"0","0"
"292",139,2020-05-29,"Greenville",0.019304347826087,4.625,0.000105053653766078,1461,"0","0"
"293",140,2020-05-30,"Greenville",0.0245,2,0.000152805314568841,1619,"0","0"
"294",141,2020-05-31,"Greenville",0.0342352941176471,4.58823529411765,0.00014898518170462,1619,"0","0"
"295",142,2020-06-01,"Greenville",0.0323913043478261,4.375,9.16831887413044e-05,1690,"0","0"
"296",143,2020-06-02,"Greenville",0.0427222222222222,6.16666666666667,0.000219657639692709,1751,"0","0"
"297",144,2020-06-03,"Greenville",0.04455,9.52380952380952,8.97731223091939e-05,1799,"0","0"
"298",145,2020-06-04,"Greenville",0.0427058823529412,13.5,0.000284599898384466,1854,"0","0"
"299",146,2020-06-05,"Greenville",0.0295217391304348,8.60869565217391,0.000231118038285372,1934,"0","0"
"300",147,2020-06-06,"Greenville",0.0317142857142857,9.21428571428571,0.000252128769038587,2012,"0","0"
"301",148,2020-06-07,"Greenville",0.0538571428571429,10.7142857142857,0.000296060296977129,2060,"0","0"
"302",149,2020-06-08,"Greenville",0.0426818181818182,8.52173913043478,0.000269319366927582,2175,"0","0"
"303",150,2020-06-09,"Greenville",0.0362173913043478,7.91666666666667,0.000173816045322056,2222,"0","0"
"304",151,2020-06-10,"Greenville",0.0338260869565217,6.41666666666667,0.000116514052358741,2371,"0","0"
"305",152,2020-06-11,"Greenville",0.0302631578947368,5.85714285714286,0.000135614716679846,2492,"0","0"
"306",153,2020-06-12,"Greenville",0.02595,5.52380952380952,0.000311340828434013,2624,"0","0"
"307",154,2020-06-13,"Greenville",0.0342380952380952,7.31818181818182,0.000204377108235824,2779,"0","0"
"308",155,2020-06-14,"Greenville",0.0407619047619048,4.95454545454545,0.000234938171149593,2920,"0","0"
"309",156,2020-06-15,"Greenville",0.0300555555555556,3.27777777777778,0.000255948901902808,3011,"0","0"
"310",157,2020-06-16,"Greenville",0.0232142857142857,2.07142857142857,0.00018718651034683,3072,"0","0"
"311",158,2020-06-17,"Greenville",0.0241052631578947,2,0.000103143587333967,3143,"0","0"
"312",159,2020-06-18,"Greenville",0.0243913043478261,4.54166666666667,0.000466056209434964,3306,"0","0"
"313",160,2020-06-19,"Greenville",0.0285,5.4,0.000240668370445924,3413,"0","0"
"314",161,2020-06-20,"Greenville",0.0294444444444444,4,0.000364822688533107,3536,"0","0"
"315",162,2020-06-21,"Greenville",0.0248181818181818,5.65217391304348,0.000296060296977129,3670,"0","0"
"316",163,2020-06-22,"Greenville",0.0355333333333333,11.7333333333333,0.000372462954261549,3768,"0","0"
"317",164,2020-06-23,"Greenville",0.0316086956521739,12.8636363636364,0.000294150230545018,3822,"0","0"
"318",165,2020-06-24,"Greenville",0.035047619047619,5.13636363636364,0.000217747573260598,4066,"0","0"
"319",166,2020-06-25,"Greenville",0.028375,12.4375,0.000206287174667935,4192,"0","0"
"320",167,2020-06-26,"Greenville",0.0342272727272727,8.82608695652174,0.000483246807323959,4383,"0","0"
"321",168,2020-06-27,"Greenville",0.038,11.9166666666667,0.000240668370445924,4538,"0","0"
"322",169,2020-06-28,"Greenville",0.0284347826086957,33.2083333333333,0.000380103219989991,4733,"0","0"
"323",170,2020-06-29,"Greenville",0.03195,12.8095238095238,0.000320891160594565,4887,"0","0"
"324",171,2020-06-30,"Greenville",0.0287826086956522,12.75,0.000296060296977129,5001,"0","0"
"325",172,2020-07-01,"Greenville",0.0311304347826087,7.41666666666667,9.35932551734149e-05,5109,"0","0"
"326",173,2020-07-02,"Greenville",0.0390909090909091,6.27272727272727,0.000718184978473551,5362,"0","0"
"327",174,2020-07-03,"Greenville",0.0485833333333333,13.1666666666667,0.000401113950743207,5488,"0","0"
"328",175,2020-07-04,"Greenville",0.0355,13.3809523809524,0.0005271783352625,5687,"0","0"
"329",176,2020-07-05,"Greenville",0.0300434782608696,14.4583333333333,0.00041257434933587,5855,"0","0"
"330",177,2020-07-06,"Greenville",0.0261052631578947,12.35,0.000221567706124819,6010,"0","0"
"331",178,2020-07-07,"Greenville",0.029,12,0.000385833419286323,6059,"0","0"
"332",179,2020-07-09,"Greenville",0.0255,3,0.000320891160594565,6435,"0","0"
"333",180,2020-07-10,"Greenville",0.0225217391304348,4.58333333333333,0.000425944814360643,6645,"0","0"
"334",181,2020-07-11,"Greenville",0.0400588235294118,5.88235294117647,0.000324711293458787,6921,"0","0"
"335",182,2020-07-12,"Greenville",0.0398235294117647,9.66666666666667,0.000357182422804665,7137,"0","0"
"336",183,2020-07-13,"Greenville",0.0402173913043478,7.52173913043478,0.000368642821397328,7253,"0","0"
"337",184,2020-07-14,"Greenville",0.0339473684210526,9.14285714285714,0.000334261625619339,7455,"0","0"
"338",185,2020-07-15,"Greenville",0.0414782608695652,9.58333333333333,0.000276959632656024,7623,"0","0"
"339",186,2020-07-16,"Greenville",0.0382,7.38095238095238,0.000198646908939493,7846,"0","0"
"340",187,2020-07-17,"Greenville",0.0323333333333333,9.23809523809524,0.000252128769038587,8016,"0","0"
"341",188,2020-07-18,"Greenville",0.0364090909090909,9.73913043478261,0.000322801227026676,8203,"0","0"
"342",189,2020-07-19,"Greenville",0.0334761904761905,11.5909090909091,0.000242578436878035,8396,"0","0"
"343",190,2020-07-20,"Greenville",0.0486666666666667,13.8888888888889,0.000181456311050498,8571,"0","0"
"344",191,2020-07-21,"Greenville",0.0353913043478261,8.625,0.000229207971853261,8716,"0","0"
"345",192,2020-07-22,"Greenville",0.0215555555555556,4.84210526315789,0.000267409300495471,8820,"0","0"
"346",193,2020-07-23,"Greenville",0.0257826086956522,8.58333333333333,0.000213927440396377,8952,"0","0"
"347",194,2020-07-24,"Greenville",0.0244347826086957,5.58333333333333,0.00026358916763125,9121,"0","0"
"348",195,2020-07-25,"Greenville",0.0282173913043478,5.91304347826087,0.00030179049627346,9248,"0","0"
"349",196,2020-07-26,"Greenville",0.0352352941176471,7.16666666666667,0.000779307104301088,9343,"0","0"
"350",197,2020-07-27,"Greenville",0.0290869565217391,5.91666666666667,9.93234544697465e-05,9463,"0","0"
"351",198,2020-07-28,"Greenville",0.0338636363636364,7.91304347826087,0.000265499234063361,9603,"0","0"
"352",199,2020-07-29,"Greenville",0.0246666666666667,6.81818181818182,0.000353362289940444,9715,"0","0"
"353",200,2020-07-30,"Greenville",0.0345555555555556,6.77777777777778,0,9853,"0","0"
"354",201,2020-07-31,"Greenville",0.02375,8.25,0.000231118038285372,10011,"0","0"
"355",202,2020-08-04,"Greenville",0.0295,11.5,0.000162355646729393,10419,"0","0"
"356",203,2020-08-05,"Greenville",0.03,9.33333333333333,5.15717936669837e-05,10471,"0","0"
"357",204,2020-08-06,"Greenville",0.01765,8.80952380952381,0.000154715381000951,10610,"0","0"
"358",205,2020-08-07,"Greenville",0.0195238095238095,7.66666666666667,0,10795,"0","0"
"359",206,2020-08-08,"Greenville",0.0249545454545455,4.73913043478261,0.000147075115272509,10795,"0","0"
"360",207,2020-08-09,"Greenville",0.0305714285714286,5.64285714285714,9.93234544697465e-05,10916,"0","0"
"361",208,2020-08-10,"Greenville",0.0275714285714286,8.94736842105263,2.67409300495471e-05,11001,"0","0"
"362",209,2020-08-11,"Greenville",0.0261666666666667,11.1,4.77516608027627e-05,11028,"0","0"
"363",210,2020-08-12,"Greenville",0.0284545454545455,6.27272727272727,9.55033216055254e-05,11109,"0","0"
"364",211,2020-08-13,"Greenville",0.0242,5.28571428571429,4.39315279385417e-05,11109,"0","0"
"365",212,2020-08-14,"Greenville",0.0217142857142857,4.04761904761905,7.25825244201993e-05,11186,"0","0"
"366",213,2020-08-15,"Greenville",0.0212941176470588,4.16666666666667,0.000179546244618388,11238,"0","0"
"367",214,2020-08-16,"Greenville",0.0207222222222222,3.68421052631579,7.83127237165309e-05,11252,"0","0"
"368",215,2020-08-17,"Greenville",0.0222608695652174,4.45833333333333,9.74133880376359e-05,11277,"0","0"
"369",216,2020-08-18,"Greenville",0.0266818181818182,6.81818181818182,8.78630558770834e-05,11327,"0","0"
"370",217,2020-08-19,"Greenville",0.0187391304347826,8.58333333333333,0.000351452223508334,11350,"0","0"
"371",218,2020-08-20,"Greenville",0.0197142857142857,8.09090909090909,5.92120593954258e-05,11388,"0","0"
"372",219,2020-08-21,"Greenville",0.0234210526315789,4.5,3.05610629137681e-05,11482,"0","0"
"373",220,2020-08-22,"Greenville",0.0207272727272727,4.56521739130435,0.000212017373964266,11523,"0","0"
"374",221,2020-08-23,"Greenville",0.0239375,8.41176470588235,0.000145165048840399,11574,"0","0"
"375",222,2020-08-24,"Greenville",0.0142,7.61904761904762,9.74133880376359e-05,11620,"0","0"
"376",223,2020-08-25,"Greenville",0.0177777777777778,5.94736842105263,9.16831887413044e-05,11804,"0","0"
"377",224,2020-08-26,"Greenville",0.0294347826086957,7.79166666666667,7.25825244201993e-05,11835,"0","0"
"378",225,2020-08-27,"Greenville",0.0339545454545455,11.5217391304348,7.06724579880888e-05,11851,"0","0"
"379",226,2020-08-28,"Greenville",0.0208636363636364,13.4545454545455,0.000221567706124819,11962,"0","0"
"380",227,2020-08-29,"Greenville",0.019,7.60869565217391,0.000227297905421151,12038,"0","0"
"381",228,2020-08-30,"Greenville",0.0256470588235294,7.38888888888889,0.000147075115272509,12089,"0","0"
"382",229,2020-08-31,"Greenville",0.0328947368421053,5.3,0.000124154318087183,12137,"0","0"
"383",230,2020-09-01,"Greenville",0.0246666666666667,6.15789473684211,0.000116514052358741,12175,"0","0"
"384",231,2020-09-02,"Greenville",0.0215238095238095,7.66666666666667,8.02227901486414e-05,12212,"0","0"
"385",232,2020-09-03,"Greenville",0.0283636363636364,16.2608695652174,5.53919265312048e-05,12328,"0","0"
"386",233,2020-09-04,"Greenville",0.0362272727272727,14,1.14603985926631e-05,12447,"0","0"
"387",234,2020-09-05,"Greenville",0.0281818181818182,6.86363636363636,0.000552009198879937,12524,"0","0"
"388",235,2020-09-06,"Greenville",0.0339,4,0.00018909657677894,12589,"0","0"
"389",236,2020-09-07,"Greenville",0.0256111111111111,4.94736842105263,0.000221567706124819,12650,"0","0"
"390",237,2020-09-08,"Greenville",0.0234545454545455,4.43478260869565,0.000185276443914719,12692,"0","0"
"391",238,2020-09-09,"Greenville",0.01575,2.45454545454545,0.000133704650247736,12721,"0","0"
"392",239,2020-09-10,"Greenville",0.013,3.05,9.74133880376359e-05,12727,"0","0"
"393",240,2020-09-11,"Greenville",0.01225,4.47368421052632,0.000208197241100045,13016,"0","0"
"394",241,2020-09-12,"Greenville",0.0249545454545455,5.26086956521739,0.000145165048840399,13115,"0","0"
"395",242,2020-09-13,"Greenville",0.0232380952380952,6,0.000145165048840399,13231,"0","0"
"396",243,2020-09-14,"Greenville",0.0193333333333333,4.36842105263158,7.83127237165309e-05,13328,"0","0"
"397",244,2020-09-15,"Greenville",0.0275238095238095,6.52380952380952,6.68523251238678e-05,13398,"0","0"
"398",245,2020-09-16,"Greenville",0.02265,4.71428571428571,0.000139434849544067,13449,"0","0"
"399",246,2020-09-17,"Greenville",0.02075,2.47619047619048,0.00018718651034683,13558,"0","0"
"400",247,2020-09-18,"Greenville",0.0246818181818182,2.09090909090909,0.000227297905421151,13634,"0","0"
"401",248,2020-09-19,"Greenville",0.0266190476190476,7.6,0.000242578436878035,13710,"0","0"
"402",249,2020-09-20,"Greenville",0.0305,2.65217391304348,0.000219657639692709,13751,"0","0"
"403",250,2020-09-21,"Greenville",0.0294545454545455,3.30434782608696,7.25825244201993e-05,13786,"0","0"
"404",251,2020-09-22,"Greenville",0.0276111111111111,3,0.000127974450951404,13859,"0","0"
"405",252,2020-09-23,"Greenville",0.0284545454545455,4.81818181818182,0.000217747573260598,13957,"0","0"
"406",253,2020-09-24,"Greenville",0.0212272727272727,9.5,2.48308636174366e-05,14076,"0","0"
"407",254,2020-09-25,"Greenville",0.018,11.1578947368421,5.15717936669837e-05,14203,"0","0"
"408",255,2020-09-26,"Greenville",0.0243913043478261,4.04166666666667,0.000204377108235824,14318,"0","0"
"409",256,2020-09-27,"Greenville",0.0173333333333333,3.63636363636364,0.000357182422804665,14356,"0","0"
"410",257,2020-09-28,"Greenville",0.0176818181818182,5.91304347826087,0.000166175779593614,14423,"0","0"
"411",258,2020-09-29,"Greenville",0.0215,5.57894736842105,0.000131794583815625,14537,"0","0"
"412",259,2020-09-30,"Greenville",0.0251904761904762,2.71428571428571,0.000118424118790852,14550,"0","0"
"413",260,2020-10-01,"Greenville",0.0229090909090909,5.17391304347826,8.97731223091939e-05,14577,"0","0"
"414",261,2020-10-02,"Greenville",0.0300454545454545,6.36363636363636,0.000208197241100045,14684,"0","0"
"415",262,2020-10-03,"Greenville",0.0223636363636364,4.73913043478261,0.000286509964816576,14871,"0","0"
"416",263,2020-10-04,"Greenville",0.0266363636363636,3.82608695652174,0.000210107307532156,14958,"0","0"
"417",264,2020-10-05,"Greenville",0.0254,6.33333333333333,0.000191006643211051,15027,"0","0"
"418",265,2020-10-06,"Greenville",0.0258260869565217,5.75,0.000168085846025725,15089,"0","0"
"419",266,2020-10-07,"Greenville",0.0295789473684211,9.52173913043478,0.000166175779593614,15136,"0","0"
"420",267,2020-10-08,"Greenville",0.0394347826086957,11.8333333333333,0.000126064384519294,15245,"0","0"
"421",268,2020-10-09,"Greenville",0.02975,5.76190476190476,0.000282689831952355,15395,"0","0"
"422",269,2020-10-10,"Greenville",0.0286086956521739,6.45833333333333,0.000362912622100997,15505,"0","0"
"423",270,2020-10-11,"Greenville",0.023,4.63157894736842,0.000200556975371603,15605,"0","0"
"424",271,2020-10-12,"Greenville",0.0202727272727273,7.63636363636364,0.000181456311050498,15693,"0","0"
